country_code,country_name,cluster,label,mean,std,growth,trend,mean_p1,mean_p2,mean_p3
ABW,Aruba,0,Emisi Rendah,6487.888,5933.832422757319,-10208.928,-280.46370197044337,12980.987,4511.568,1971.1090000000002
AFG,Afghanistan,0,Emisi Rendah,2505.6109250907894,1964.3639802561102,5665.62892370605,72.25773301836476,1412.8951000000002,2030.9376499999998,4073.0000252723685
AGO,Angola,0,Emisi Rendah,11000.867437556968,8890.48636015925,24659.9490844727,483.2645813167337,2808.1886,8504.91385,21689.499862670906
ALB,Albania,0,Emisi Rendah,4413.947384763845,1899.1193762709572,2805.81592370605,8.638440230710607,3865.9347499999994,5072.9074,4303.000004291536
AND,Andorra,0,Emisi Rendah,487.6666655937831,47.797023114666445,90.0,2.373748729703684,440.0,538.9999964237214,484.00000035762775
ARG,Argentina,0,Emisi Rendah,116872.60283719075,38325.97425151755,119284.90210351601,2133.6177767922463,77689.062,112466.74465000001,160462.00186157227
ARM,Armenia,0,Emisi Rendah,5692.000004132588,4184.211913199018,-13679.999923706051,-153.8331460263227,7523.0,4188.999978065491,5364.000034332276
ATG,Antigua and Barbuda,0,Emisi Rendah,387.660032558473,245.0276624371576,483.329980926514,3.7729561511327288,408.5038,241.47629999999998,512.999997675419
AUS,Australia,0,Emisi Rendah,262039.70216516932,99051.24543750027,298327.64777929697,5651.940608036416,143869.42784999998,266711.67949999997,375537.9991455079
AUT,Austria,0,Emisi Rendah,57609.74911326091,10915.739587280188,33948.8616430664,532.8552124383851,47088.13035,57763.61714999999,67977.49983978271
AZE,Azerbaijan,0,Emisi Rendah,32661.000071207687,9140.817722439702,-17970.001678466797,-468.79866100816156,38948.0,28126.0000076294,30909.000205993663
BDI,Burundi,0,Emisi Rendah,203.41329385364463,143.63247047545175,675.996028610229,6.935619201105209,73.533,208.9917894736842,321.50000217556936
BEL,Belgium,0,Emisi Rendah,111120.92625844727,12866.123825094159,2009.7301362305006,-293.43824828202025,117924.8528,112419.42624999999,103018.49972534183
BEN,Benin,0,Emisi Rendah,1731.065891916402,2124.6377871425702,7138.65219073486,103.73710053579595,246.78910000000002,602.90855,4343.500025749206
BFA,Burkina Faso,0,Emisi Rendah,1037.952054331271,1230.2763268416916,4955.996,58.34741931688938,160.6146,580.74155,2372.5000129938135
BGD,Bangladesh,0,Emisi Rendah,25844.620935013834,21857.10590996049,76585.3778637695,936.6532152198994,14106.398949999999,12703.964,50723.49985504151
BGR,Bulgaria,0,Emisi Rendah,57947.82056725668,17893.658125010024,16844.6393896484,-267.39432585310857,57347.11290000001,71392.34855,45104.00025177002
BHR,Bahrain,0,Emisi Rendah,13263.126955358886,9534.335970455882,32684.279321533202,537.4569339181539,3396.5587499999992,11653.8222,24738.99991607666
BHS,"Bahamas, The",0,Emisi Rendah,2968.0420449137373,2183.664436741475,2429.29591416931,-15.151383457104352,4000.14695,2315.4792,2588.499984741211
BIH,Bosnia and Herzegovina,0,Emisi Rendah,16618.666656494144,5963.9968408517625,-2900.0003051757994,422.06007005057154,11527.0,16709.99991607665,21619.00005340577
BLR,Belarus,0,Emisi Rendah,61735.333180745445,11942.012059199591,-42160.0018310547,-760.3025834504707,71294.0,55688.0001373291,58223.99940490721
BLZ,Belize,0,Emisi Rendah,348.39583251873654,242.49894054228025,595.995985694885,11.880250568566636,125.96145000000001,319.22605,599.9999975562095
BMU,Bermuda,0,Emisi Rendah,446.9236666666667,157.09878593490853,454.70799999999997,7.636334975369459,276.183,505.66,558.9279999999999
BOL,Bolivia,0,Emisi Rendah,8268.148495549516,6257.993607445386,21335.2421525879,331.1885088855298,2732.09835,6920.34715,15151.999986648554
BRA,Brazil,0,Emisi Rendah,236581.91093642585,130544.60354352204,387391.72379296896,7364.141237585914,101600.1022,215157.1336,392988.49700927746
BRB,Barbados,0,Emisi Rendah,982.5021940395355,658.2062459504909,1077.651,28.302949432310925,401.9032,955.6034,1589.999982118606
BRN,Brunei Darussalam,0,Emisi Rendah,4874.9137142598465,2766.058813329844,6656.30277111816,82.08456692981429,4186.2472,3869.494,6568.999942779539
BTN,Bhutan,0,Emisi Rendah,254.99445703168857,293.62952625419246,1046.3329523162802,17.80167565072602,18.1058125,150.58999968444598,582.3529327616968
BWA,Botswana,0,Emisi Rendah,3049.7087186648055,2089.208986811894,7227.998,142.94831102719888,758.3814375,3154.494705381394,5236.250013113023
CAN,Canada,0,Emisi Rendah,434892.07413046877,106525.22741376079,387314.820972656,5830.000463628571,317844.1923,439187.52764999995,547644.5024414062
CHE,Switzerland,0,Emisi Rendah,39897.216139510085,5893.797270652539,17856.893068115198,201.37075855966935,35283.873999999996,41877.2748,42530.49961853028
CHL,Chile,0,Emisi Rendah,40865.15399804687,23001.03511750033,77879.109746582,1231.322252499189,21538.30785,31945.653899999998,69111.50024414062
CIV,Cote d'Ivoire,0,Emisi Rendah,5032.1777715713515,2737.7963607864217,10367.9579237061,128.96938255207473,2398.9514000000004,5211.58195,7485.999964714053
CMR,Cameroon,0,Emisi Rendah,4214.352388919067,2894.567665755384,9158.64230517578,148.5900755238475,775.5705,4981.486599999999,6886.000066757202
COD,"Congo, Dem. Rep.",0,Emisi Rendah,2839.983780869675,782.9896272104248,888.7890381469701,-2.665825730901305,2900.5969999999998,2957.85435,2661.4999926090236
COG,"Congo, Rep.",0,Emisi Rendah,2518.906326998139,1995.941175489051,7036.31322888184,109.3060985260413,565.8181000000001,2118.90085,4872.000030994415
COM,Comoros,0,Emisi Rendah,85.91808365122473,73.36622415882366,308.99899284744305,3.8068283879045572,22.735400000000002,63.01885,172.0000009536742
COL,Colombia,0,Emisi Rendah,49571.56450390625,17508.246562819197,64630.1759155273,981.341847321861,29131.931450000004,52656.76255,66925.99951171876
CPV,Cabo Verde,0,Emisi Rendah,208.00283257834116,200.59050224672313,627.997976158142,10.259073502593004,59.03869999999999,98.9698,465.9999977350236
CRI,Costa Rica,0,Emisi Rendah,3949.669358719381,2520.902666749863,7748.621771118161,142.25379062448025,1433.24695,3372.26115,7043.49997615814
CZE,Czechia,0,Emisi Rendah,117162.33337402345,12717.33047613363,-53909.9990844727,-1343.9932807014266,128451.0,120431.9992675781,102604.00085449222
CUB,Cuba,0,Emisi Rendah,25514.67869350586,6204.087131687787,12210.087847412098,181.3668966596829,19835.353050000005,29562.183,27146.500030517578
CYM,Cayman Islands,0,Emisi Rendah,265.761,204.23935665129122,535.3820000000001,12.176350985221676,36.669999999999995,247.23300000000003,513.38
CYP,Cyprus,0,Emisi Rendah,4637.328163487752,2511.037150961383,6302.58605722046,138.67784007289558,1752.4593,4681.0252,7478.499990463257
DJI,Djibouti,0,Emisi Rendah,306.8486162096977,135.45811620095563,379.662986886978,7.114537629534939,143.01299999999998,337.03284999999994,440.499998629093
DEU,Germany,0,Emisi Rendah,812234.0017903647,69911.80917374698,-297909.97558593703,-7799.5901565976,889413.0,809428.995605469,737860.0097656252
DMA,Dominica,0,Emisi Rendah,91.0624508294979,83.5838526785269,158.999001788139,3.9256793385224884,21.451949999999997,65.7354,186.00000248849364
DNK,Denmark,0,Emisi Rendah,51554.97418419597,10026.334595954895,-79.7062370604981,-122.20809852511665,51681.78125,57800.641149999996,45182.50015258789
FIN,Finland,0,Emisi Rendah,48117.12733723959,13063.193247285442,25605.6260844727,478.325331231617,35941.7338,53525.6487,54883.999511718765
DOM,Dominican Republic,0,Emisi Rendah,11578.355189691161,7781.69351288814,26188.5715422363,438.82003440487836,3517.3864000000003,9980.17915,21237.50001907348
DZA,Algeria,0,Emisi Rendah,70318.04907034505,45432.42693821535,165089.44,2521.4399639055828,21316.821050000002,69716.32609999999,119921.00006103513
ECU,Ecuador,0,Emisi Rendah,18982.92649377848,12595.503313078641,37526.1739155273,709.2843435447969,4646.272350000001,18865.5072,33436.99993133544
ERI,Eritrea,0,Emisi Rendah,651.4285715562957,119.66364784866846,439.99999523162796,0.3284073309880091,688.8888888888889,588.8888882266151,674.0000009536743
ESP,Spain,0,Emisi Rendah,210112.71573574218,80024.40465829692,191051.214727539,4018.733483576222,120722.40709999998,220702.74145,288912.99865722656
EST,Estonia,0,Emisi Rendah,17982.333258310955,4693.450528399783,-25099.9996948242,-281.43938547883323,20856.0,16584.999923706047,16505.9998512268
ETH,Ethiopia,0,Emisi Rendah,4091.344007311505,4321.625653315107,18007.9686103516,203.44425775393006,1145.9374999999998,2303.0945,8825.000021934515
FSM,"Micronesia, Fed. Sts.",0,Emisi Rendah,138.21428573557287,21.053262198833437,70.000007152557,1.7214013297634665,120.0,144.4444426231911,149.0000016987321
FJI,Fiji,0,Emisi Rendah,803.35254721845,372.7914629611317,1435.6489952316301,19.041623552959525,474.5098,703.04785,1232.4999916553497
FRA,France,0,Emisi Rendah,382678.4564229818,61469.44507060329,29301.33501367201,-1366.2023844041944,413284.4679,389313.4032,345437.4981689454
FRO,Faroe Islands,0,Emisi Rendah,473.9436666666666,202.5508002705055,572.052,11.120793103448273,219.24799999999996,543.874,658.709
GBR,United Kingdom,0,Emisi Rendah,546437.4459445964,73920.0929293431,-235379.766572266,-3686.8914756468803,617282.0614499999,551426.27675,470603.9996337892
GAB,Gabon,0,Emisi Rendah,4646.5426534968055,2068.2283270288185,5117.988,78.99491207487972,2789.8536,5407.77435,5742.0000104904175
GEO,Georgia,0,Emisi Rendah,8719.333289782204,6731.409421379136,-23380.000343322798,-316.11124199728306,13517.0,4280.9999742507935,8359.999895095822
GHA,Ghana,0,Emisi Rendah,5764.600434287004,4959.168524920322,18576.8679155273,247.0635270124955,2114.20885,3560.09245,11619.500002861017
KNA,St. Kitts and Nevis,0,Emisi Rendah,131.29056642824807,119.2800814239572,238.999,5.682792310004463,26.769099999999998,102.60260000000001,264.49999928474426
GIB,Gibraltar,0,Emisi Rendah,209.212,174.56982471397131,586.7199999999999,9.670203201970445,66.199,133.74900000000002,427.68799999999993
GIN,Guinea,0,Emisi Rendah,1389.5104129314423,785.2544268486103,3539.2960476837197,40.036254686343206,764.2028,1083.32845,2320.9999887943272
GMB,"Gambia, The",0,Emisi Rendah,226.53769982118607,164.21063517738793,561.664983310699,9.169257249804863,59.77210000000001,193.34099999999998,426.4999994635582
GNB,Guinea-Bissau,0,Emisi Rendah,162.0937002980232,77.79296141664885,311.66501311302204,4.249602860585782,72.05655,176.72455,237.50000089406961
GNQ,Equatorial Guinea,0,Emisi Rendah,2644.596963941956,3553.160316842185,5327.99790463257,168.93256001009044,43.08725,648.7037,7241.999941825867
GRC,Greece,0,Emisi Rendah,60957.12001580402,28214.238499572923,50594.145000000004,1375.2461148493394,27153.58495,70179.27524999999,85538.49984741208
GRD,Grenada,0,Emisi Rendah,154.5799662891706,137.3665574031728,307.998013113022,6.56190428671253,37.58675000000001,120.15315000000001,305.9999988675118
GRL,Greenland,0,Emisi Rendah,454.7080000000001,126.86321279498902,286.026,3.177131773399015,415.14300000000003,416.68700000000007,532.2940000000001
GTM,Guatemala,0,Emisi Rendah,6792.301132970176,4894.178726419838,17964.2104659424,263.5046112794107,2524.17945,4860.22405,12992.499898910524
GUY,Guyana,0,Emisi Rendah,1547.6505307902019,451.06324181202723,2189.9399046325702,17.595019170025,1334.0546000000002,1410.8970000000002,1897.9999923706055
HKG,"Hong Kong SAR, China",0,Emisi Rendah,25422.153000000002,14621.97980078954,40689.032,871.7070800492611,7832.519,26196.469,42237.471
HND,Honduras,0,Emisi Rendah,4103.297303042603,3183.236277033289,9603.944267028799,173.22187158459045,1254.114,2790.77785,8265.00005912781
HRV,Croatia,0,Emisi Rendah,18219.000033060714,2364.783802793626,-3819.999542236299,39.87763898974681,16537.0,20821.00012207032,17298.999977111824
HTI,Haiti,0,Emisi Rendah,1244.4927979337056,933.2289000559837,3033.9739332428003,49.37657876124488,416.9379,931.5405000000001,2384.999993801117
HUN,Hungary,0,Emisi Rendah,62909.318327929686,14442.368794030148,1008.2100681152006,-419.07648106859403,66896.71429999999,72151.74105,49679.49963378906
IDN,Indonesia,0,Emisi Rendah,208985.41691230473,170036.33707505662,598435.747855469,9460.825827722549,42750.6194,163871.62975,420334.0015869142
IND,India,0,Emisi Rendah,802812.5477612636,686295.2804041241,2335718.08782813,36609.838702948466,201872.20035,572586.4433,1633978.9996337905
IRL,Ireland,0,Emisi Rendah,30156.144837556967,10041.515814846227,24569.317,527.1601483928101,18747.904199999997,30771.53045,40948.999862670906
IRN,"Iran, Islamic Rep.",0,Emisi Rendah,272671.8795849284,191803.26951132435,592617.610765625,10636.80767003861,95568.43724999999,206051.70535,516395.49615478516
IRQ,Iraq,0,Emisi Rendah,68445.63987988283,43018.16742274521,166294.579558594,2337.593458823497,25856.567049999998,66243.8532,113236.49938964844
ISL,Iceland,0,Emisi Rendah,1823.7003469005585,320.1045743952818,426.22298569489,13.072590685064919,1515.2044,1907.89665,2047.9999907016766
ISR,Israel,0,Emisi Rendah,38122.031164713546,21735.909734700308,56181.4135258789,1217.4692426944637,14870.96845,34741.124800000005,64754.000244140625
ITA,Italy,0,Emisi Rendah,353925.10131022136,87129.1967221152,207882.716234375,3275.976952959265,267828.69585,394546.1104,399400.4976806641
JAM,Jamaica,0,Emisi Rendah,7160.554277974446,2478.6878104614166,6919.53334332275,97.84620061710295,5211.723749999999,7313.439,8956.50008392334
JOR,Jordan,0,Emisi Rendah,11204.860855086261,8366.129004813241,23885.5981607666,475.536079983847,1927.0085000000004,10327.57405,21360.00001525878
JPN,Japan,0,Emisi Rendah,954347.021200521,282277.6228210742,848788.7862890599,14202.879546547227,641589.3209999999,1037717.25725,1183734.485351563
KAZ,Kazakhstan,0,Emisi Rendah,192725.0002644857,43882.61177498515,-25139.999389648,1299.2547555823794,187523.0,168136.0004272461,222516.000366211
KEN,Kenya,0,Emisi Rendah,7222.644339827478,4661.236248924531,19852.4466866455,234.47482799423173,3573.1248,5691.30825,12403.499969482431
KGZ,Kyrgyz Republic,0,Emisi Rendah,8349.000054041546,4275.2172391001495,-12709.9998092651,-76.75416489835533,10053.0,5612.000049591064,9382.000112533575
KHM,Cambodia,0,Emisi Rendah,2446.6605314259855,3561.5332294962345,15945.3123051758,154.55898565526638,336.44725000000005,954.5343499999999,6048.999994277956
KIR,Kiribati,0,Emisi Rendah,35.93322038444422,20.446982408697522,82.6660035762787,0.9860213405925027,22.387999999999998,25.2344,59.50000013411045
MAR,Morocco,0,Emisi Rendah,27205.670171207683,19305.099053813876,67838.67235693359,1085.3004289962278,7710.05085,22910.959450000002,50996.00021362305
KOR,"Korea, Rep.",0,Emisi Rendah,287606.4942740235,213107.35054637605,598237.837027344,12122.524308089818,55326.77925,261973.70345,545519.0001220703
KWT,Kuwait,0,Emisi Rendah,42786.97988673909,25898.963681318102,84846.6255258789,1329.7583155444863,21715.05725,30512.382250000002,76133.50016021729
LAO,Lao PDR,0,Emisi Rendah,2135.827630847041,4536.220982968774,18629.3250844727,157.46199281762762,266.04085,442.44210000000004,5698.9999425411215
LBN,Lebanon,0,Emisi Rendah,11843.783187920128,7872.872073197116,25368.4327629395,429.1994731533823,4620.7867,9532.0629,21378.499963760383
LBR,Liberia,0,Emisi Rendah,854.6297495032946,481.5774957840209,1014.9849475479101,-1.7858049927249064,1046.9285,697.96075,818.9999985098841
LBY,Libya,0,Emisi Rendah,33552.18156525879,17469.582446046497,56106.9362370605,938.0632977862371,14146.36925,34324.67539999999,52185.50004577637
LCA,St. Lucia,0,Emisi Rendah,273.42586424274435,242.8579933765311,525.332021457672,11.955677398903592,56.47180000000001,218.8058,544.9999927282332
LDC,Least developed countries: UN classification,0,Emisi Rendah,111700.63295708198,84836.8660569979,324045.44629953307,4199.510990516969,50234.476087780014,72876.0806005888,211991.34218287715
LIE,Liechtenstein,0,Emisi Rendah,200.00000041723237,27.080128154853178,-49.999994039536006,-2.180200214115494,213.0,220.00000107288352,167.00000017881362
LKA,Sri Lanka,0,Emisi Rendah,7945.101659899901,6109.653064366214,21521.1286866455,315.92022533149606,3032.7923499999997,5199.5125,15603.000129699707
LSO,Lesotho,0,Emisi Rendah,482.999999721845,129.4900239630045,429.999980926514,14.102335833601481,366.0,432.9999991655348,650.0000000000001
LTU,Lithuania,0,Emisi Rendah,14038.666655222572,5473.192099033523,-20490.0004577637,-385.8553995423114,18589.0,11983.0000076294,11543.999958038321
LUX,Luxembourg,0,Emisi Rendah,10675.335220890302,1634.582532546684,-2028.04722888184,-49.079187643692876,12333.5878,9501.918000000001,10190.499862670902
LVA,Latvia,0,Emisi Rendah,8886.000011444092,2834.99864045144,-11209.99982833862,-214.97663769918216,11415.0,7675.999931335449,7567.000102996826
MAC,"Macao SAR, China",0,Emisi Rendah,901.4386666666668,616.4725411275203,2016.8500000000001,35.45115270935961,192.80700000000002,927.172,1584.337
MLT,Malta,0,Emisi Rendah,1610.2796756244663,836.248129627782,1318.9689666214,39.58519411835435,618.0728500000001,1926.2662,2286.4999768733983
MDA,Moldova,0,Emisi Rendah,10432.000052134195,5524.5888923499515,-21670.00034332275,-409.8464909978915,15512.0,7655.000017166136,8129.000139236448
MDG,Madagascar,0,Emisi Rendah,1444.9090333333331,829.9184458664465,3720.2968855590802,40.008920318011654,853.8609499999999,1164.86615,2315.999999999999
MDV,Maldives,0,Emisi Rendah,515.4232410054112,584.5626369404325,2106.3328950958303,37.21747218522561,30.940312500000005,276.91837529802325,1195.882341440987
MEX,Mexico,0,Emisi Rendah,291449.87483079435,137910.1928472482,386153.585013672,7788.160577114309,122629.06375,307101.06354999996,444619.4971923829
MHL,Marshall Islands,0,Emisi Rendah,127.50000116016159,30.192834812925053,100.000007152557,3.6042695533694014,92.22222222222223,128.88888772990944,158.00000429153397
MKD,North Macedonia,0,Emisi Rendah,8702.666698455809,703.4862192999553,-289.99980926514036,-35.5773036137837,8940.0,9052.999942779541,8115.000152587889
MLI,Mali,0,Emisi Rendah,1158.985345587262,1493.5825006094828,5708.98892370605,68.30453516016911,233.723,301.46995000000004,2895.4999694824223
MOZ,Mozambique,0,Emisi Rendah,2552.8053684150696,1590.787494869116,5615.162,33.96110178765935,2631.4392,1427.9769000000001,3599.000005245208
MMR,Myanmar,0,Emisi Rendah,8168.768945458476,7081.797112692424,34002.7542207031,297.46003843217005,3865.7514,5856.5553,14784.00013637543
MNE,Montenegro,0,Emisi Rendah,1941.9999883969624,438.1506477224368,679.9999046325702,42.06451496955945,1483.0,1960.999995708466,2381.999969482421
MNG,Mongolia,0,Emisi Rendah,9116.011071752928,5561.789023024148,21775.5486948242,298.33108833092933,3073.3127,9629.720500000001,14645.00001525878
MUS,Mauritius,0,Emisi Rendah,1685.9809087420144,1347.9079870569121,3990.31707629395,73.61207054839315,476.1599499999999,1134.2827499999999,3447.5000262260446
MRT,Mauritania,0,Emisi Rendah,1330.9703844459534,1085.7543324412527,3913.33004768372,53.13399144755559,320.1291,1280.28205,2392.5000033378606
MWI,Malawi,0,Emisi Rendah,704.2485726206644,230.91035544378158,1119.97004768372,12.66541924265786,516.4358333333334,646.4250000000001,940.000003513537
MYS,Malaysia,0,Emisi Rendah,89408.84414305011,81413.71928966155,249702.013272461,4479.862818487639,13297.82545,61121.705850000006,193807.00112915033
VUT,Vanuatu,0,Emisi Rendah,83.30715480759223,40.56062014686649,169.66299344348897,1.8933026544335236,55.96999999999999,68.86236842105264,122.99999894201744
NAM,Namibia,0,Emisi Rendah,2623.344559990947,1068.767585395695,4179.66279019165,120.26033782465748,1509.0337,2483.00000667572,3877.9999732971205
NCL,New Caledonia,0,Emisi Rendah,2153.5583333333334,995.7043811129664,4466.406,44.99110467980295,1692.61,1631.2359999999999,3136.8289999999997
NER,Niger,0,Emisi Rendah,764.7311003576282,590.7834270153238,2120.66409536743,28.888198706772393,214.8862,735.3071,1344.0000010728843
NGA,Nigeria,0,Emisi Rendah,67596.56392002766,33776.36638496202,111873.35577929701,1812.022240937303,27974.62625,75852.56580000001,98962.499710083
NIC,Nicaragua,0,Emisi Rendah,2807.713256993612,1462.4255016186864,4708.28477111816,80.5456825226941,1426.27965,2346.3601,4650.500020980835
NLD,Netherlands,0,Emisi Rendah,148624.04999873048,26021.34064831023,72834.981337891,938.4078176808034,128664.21235,155974.93905,161232.9985961915
NOR,Norway,0,Emisi Rendah,32966.43734123535,8467.981301775786,22847.809762939498,348.2080271631582,23616.2134,37727.5987,37555.49992370607
NPL,Nepal,0,Emisi Rendah,2472.2013298138922,3345.15011326695,13369.3258092651,152.31973810153156,254.48979999999997,1239.61425,5922.499939441676
NRU,Nauru,0,Emisi Rendah,86.78398198054093,36.22113698570631,30.6639986588955,-0.5734355221986528,81.48888888888888,122.26857894736843,56.31578899527851
NZL,New Zealand,0,Emisi Rendah,23492.232388555905,7476.092535317265,22466.282321533203,417.00138356462486,15183.39685,22991.300349999998,32301.999965667717
OMN,Oman,0,Emisi Rendah,23298.587639014113,23088.50204697191,76018.9977792969,1319.362260078098,3396.660611111111,14146.896210526314,51304.736251831055
PAK,Pakistan,0,Emisi Rendah,75436.54748928224,54658.96416436978,176415.38732421902,3033.0257291683033,21285.284849999996,61977.357449999996,143047.00016784677
PAN,Panama,0,Emisi Rendah,4811.9366073115025,3099.897884657228,12342.576152587899,163.6717019878323,2266.2060000000006,3580.1038,8589.500021934506
PER,Peru,0,Emisi Rendah,27261.554859173586,12962.125525793197,48576.257,679.4422121531733,16307.149,23568.01565,41909.49992752075
PHL,Philippines,0,Emisi Rendah,53547.39337997232,33411.50019656583,137084.907168945,1806.8345084827843,23304.518399999997,45725.16145,91612.50028991696
PLW,Palau,0,Emisi Rendah,173.41415431945077,60.966270235741106,235.332,3.0317764531015254,110.00999999999998,179.35952631578948,227.99999752640716
PNG,Papua New Guinea,0,Emisi Rendah,2783.212595072683,2071.14344617001,7400.31692370605,112.3039791394916,856.2445,2166.8933,5326.499985218048
POL,Poland,0,Emisi Rendah,332350.8668465495,66476.21391390615,95362.84588281301,91.25689352044884,306303.59325,389189.00789999997,301559.9993896487
PRK,"Korea, Dem. People's Rep.",0,Emisi Rendah,82350.08862706706,42223.026773136175,32222.8359155273,-391.2812003332363,71901.61924999999,119306.64715,55841.99948120117
PRT,Portugal,0,Emisi Rendah,36851.61526807454,17880.103659756107,36414.9183896484,928.8251617257507,15808.253649999999,39909.0922,54837.49995422363
PRY,Paraguay,0,Emisi Rendah,2793.2080641461694,2149.323507432463,7905.639038146971,117.07143561089369,715.2483500000001,2477.3758000000003,5187.000042438507
PSE,West Bank and Gaza,0,Emisi Rendah,1754.3199629629632,729.785385278413,2372.549,85.92824236874239,986.4230000000001,1815.9798888888888,2460.557
PYF,French Polynesia,0,Emisi Rendah,441.64833333333337,245.0116228648937,733.4000000000001,14.209743842364533,161.15500000000003,447.37399999999997,716.416
QAT,Qatar,0,Emisi Rendah,27946.772022932942,26473.66616012511,91793.98522070309,1353.9349470840293,7653.762400000001,16177.553149999998,60009.00051879883
ROU,Romania,0,Emisi Rendah,121477.50361830242,48511.35358927452,20499.8049482422,-749.7222072848064,118064.74885,161681.2626,84686.49940490723
RWA,Rwanda,0,Emisi Rendah,480.7852182561238,318.8569255191159,1223.6570429153398,15.985466726905887,116.24389999999998,563.61175,762.5000047683718
SDN,Sudan,0,Emisi Rendah,7334.723767120872,5754.387773865351,19259.5438392334,281.0211088743279,3422.96115,4283.2101999999995,14297.999951362614
SGP,Singapore,0,Emisi Rendah,30358.322572888184,14030.908016261283,45986.5410681152,730.6017232486524,14223.376250000001,34478.5914,42373.00006866455
SEN,Senegal,0,Emisi Rendah,3887.5419207499885,2705.9775547477925,9791.2578855591,142.4681569899689,1499.996,2934.25245,7109.000016212466
SLB,Solomon Islands,0,Emisi Rendah,179.00350067551935,119.88760115164871,348.999014305115,6.812079912685541,44.004,167.50650000000002,325.5000020265581
SLE,Sierra Leone,0,Emisi Rendah,552.7915982118607,235.1803622690538,184.93497615814192,4.370829341266568,531.3482999999999,436.02649999999994,690.9999946355822
THA,Thailand,0,Emisi Rendah,113626.53391103518,93900.85489498447,263375.325337891,5262.669769585796,17450.886300000002,94488.21525000001,228940.5001831056
SLV,El Salvador,0,Emisi Rendah,3803.565941598511,2350.876380359403,7180.27719073486,129.27744455884724,1506.0368999999998,3193.1609,6711.50002479553
SOM,Somalia,0,Emisi Rendah,532.8316990065892,247.07648272056335,605.658997615814,8.498502439190037,269.52450000000005,716.4706,612.4999970197676
SRB,Serbia,0,Emisi Rendah,48378.66660563151,5232.51476603636,-15959.999237060503,-152.33815533698456,49245.0,49792.99986267091,46097.99995422363
SSD,South Sudan,0,Emisi Rendah,940.3333292802179,517.2844674623822,1270.00004768372,57.18131228999648,378.0,896.9999959468845,1545.999991893769
SST,Small states,0,Emisi Rendah,125180.72837788421,59613.98945082657,216742.94874541397,3236.726314391434,68690.33087228223,113797.19698841439,193054.65727295604
STP,Sao Tome and Principe,0,Emisi Rendah,54.29568326131103,38.12984915985222,138.999005960464,2.049703997049723,16.318149999999996,48.5689,97.99999978393308
SUR,Suriname,0,Emisi Rendah,1751.5921377043408,564.5123977107058,2217.2940953674297,19.1597453335683,1404.27765,1932.99875,1917.5000131130225
SVK,Slovak Republic,0,Emisi Rendah,38132.66654459636,5527.166286594045,-23730.0000762939,-593.2680838206181,44374.0,37506.999816894546,32516.999816894542
SVN,Slovenia,0,Emisi Rendah,14772.333394368487,1154.7516996732104,70.00038146969928,13.790878516548334,14217.0,15791.0002632141,14308.999919891361
SWE,Sweden,0,Emisi Rendah,59634.073377429195,14977.408671783016,-14222.141000000003,-619.5648681869168,74099.25235,59522.467500000006,45280.5002822876
SWZ,Eswatini,0,Emisi Rendah,504.1520683078108,214.7795387399857,926.996978542328,12.016814008295245,280.815,503.4386842105263,716.9999980926514
SYC,Seychelles,0,Emisi Rendah,229.4478051980336,177.04554336425286,602.666014305115,10.504793290074325,46.127,196.95326315789475,445.26315243620604
TCA,Turks and Caicos Islands,0,Emisi Rendah,112.45466666666665,63.75691916496128,187.017,8.025760073260074,42.781666666666666,104.71322222222221,189.86911111111112
TCD,Chad,0,Emisi Rendah,556.2067065962472,679.3295781655765,2194.995,30.266708714242593,132.19535000000002,306.92475,1229.5000197887414
TGO,Togo,0,Emisi Rendah,1022.5417996821083,753.3851898716284,2303.9938855590804,40.09869797567211,301.79409999999996,854.8313,1910.9999990463252
TUR,Turkey,0,Emisi Rendah,160231.98486017255,114581.9281191509,380019.467337891,6428.87949848594,45554.0409,136177.91365,298964.0000305177
TJK,Tajikistan,0,Emisi Rendah,4235.666688601176,2648.711253637654,-1599.9999237060492,8.985542133997464,4966.0,2514.000020027161,5227.000045776367
TKM,Turkmenistan,0,Emisi Rendah,50805.000061035156,15990.365560701679,28220.002746582002,1736.0868095083938,33569.0,48741.999328613274,70104.00085449219
TLA,Latin America & the Caribbean (IDA & IBRD countries),0,Emisi Rendah,969274.9581731883,442449.96007856866,1325388.87075237,25272.622779326903,476578.17134999996,940063.7058499999,1491182.9973195647
TLS,Timor-Leste,0,Emisi Rendah,351.66666822301016,175.50720355897474,450.00000298023303,31.506708362769324,191.6666676600772,281.66666875282914,581.6666682561241
TON,Tonga,0,Emisi Rendah,72.94583304027712,47.923090411874135,148.998996423721,2.674843995424029,19.98515,70.85235,127.99999912083133
TTO,Trinidad and Tobago,0,Emisi Rendah,13431.017264486694,5815.976287723172,14608.4325340576,247.28994449789363,7996.81025,14015.741450000001,18280.500093460083
TUN,Tunisia,0,Emisi Rendah,14743.664193642171,9359.630759815436,28182.8428474121,537.236682977636,4161.49495,14098.49765,25970.999980926517
UKR,Ukraine,0,Emisi Rendah,326259.33426920575,125381.1326256627,-513890.004272461,-12318.651905437457,451879.0,300360.0043945313,226538.998413086
TUV,Tuvalu,0,Emisi Rendah,9.99999986588955,1.0950072536989928e-07,-2.2351741968407168e-07,-1.0740770334095544e-08,10.0,9.999999821186066,9.99999977648258
TZA,Tanzania,0,Emisi Rendah,3909.559222979228,3298.1110289346757,11621.2578092651,156.9251914628962,1756.8597000000002,2282.8180500000003,7688.999918937681
UGA,Uganda,0,Emisi Rendah,1664.4198830154419,1452.5633331294712,5438.2951335144,65.73382801152745,873.1127,814.1469500000001,3305.9999990463257
UZB,Uzbekistan,0,Emisi Rendah,115755.66713460296,9251.482935597645,-1060.0009155269945,3.9043693839600384,110413.0,124069.0007934571,112785.00061035172
URY,Uruguay,0,Emisi Rendah,5430.126240326946,1140.5587617540878,2170.2737711181608,32.69650386581653,5312.3829,4654.4958,6323.500020980835
VEN,"Venezuela, RB",0,Emisi Rendah,106694.4636512696,37432.273243875374,55270.475337891,2031.8937512652224,63283.43585000001,107355.9537,149444.00140380883
VCT,St. Vincent and the Grenadines,0,Emisi Rendah,134.86275049670536,138.8944581120837,248.998990463257,6.12044729154809,25.118949999999998,98.9693,280.5000014901161
YEM,"Yemen, Rep.",0,Emisi Rendah,8619.050053405765,8849.690510315257,11041.328381469699,434.9760592796944,323.97945,6408.67055,19124.500160217292
WSM,Samoa,0,Emisi Rendah,122.29735036756192,77.60837807455205,285.332011920929,4.278472077485725,39.970299999999995,114.92175000000002,212.00000110268584
VGB,British Virgin Islands,0,Emisi Rendah,88.67472727272725,70.32471640778022,209.019,4.303036652236653,17.927555555555557,69.06183333333334,174.27900000000005
VNM,Vietnam,0,Emisi Rendah,62786.67091353353,75644.35897098805,330545.783234375,3547.900989362375,13942.6674,25536.3456,148880.99974060062
ZWE,Zimbabwe,0,Emisi Rendah,11165.550967740195,3363.9148229557663,7286.2602288818,87.83188432719713,7996.912111111112,14432.970210526317,10900.000115444785
CHN,China,1,Emisi Tinggi,3599957.523613542,3279391.9718716377,9926493.4245625,172760.96714467395,813522.8499,2349707.25805,7636642.462890625
USA,United States,2,Emisi Sedang,4733944.143726562,750486.6653747073,1927024.11484375,34275.01983450352,3990596.9819,4881696.9151,5329538.5341796875
RUS,Russian Federation,2,Emisi Sedang,2240196.0574028646,816291.9404914406,254952.61682031,-18175.48778471624,2374546.4148999997,2726305.7597499997,1619735.9975585938
